HMDBID,Name
HMDB0000695,Ketoleucine
HMDB0015129,Neomycin B
HMDB0014336,Carbidopa
HMDB0001046,Cotinine
HMDB0014997,Penicillamine
HMDB0014944,Pentoxifylline
HMDB0001043,Arachidonic Acid (peroxide free)
HMDB0014808,Pirenzepine
HMDB0015537,Probucol
HMDB0000210,Pantothenic Acid
,Spiramycin 3
HMDB0251330,Dihydrostreptomycin
HMDB0000182,L-Lysine
HMDB0001257,Spermidine
HMDB0002884,cis-Cetoleic acid
HMDB0014444,Penciclovir
HMDB0014951,Fentanyl
HMDB0014825,Fludrocortisone
HMDB0014890,Tranylcypromine
HMDB0014758,Triamcinolone hexacetonide
HMDB0005015,Gabapentin
HMDB0000901,Valproic acid glucuronide
HMDB0014638,Zidovudine
HMDB0014645,Haloperidol
HMDB0002124,Apigenin
HMDB0000158,L-Tyrosine
HMDB0034146,Stearamide
HMDB0000062,L-Carnitine
HMDB0001383,Sphinganine-phosphate
HMDB0014789,Dyphylline
,"8Z,11Z,14Z-heptadecatrienoic acid"
,"10-hydroperoxy-8E,12Z-octadecadienoic acid"
,omega-hydroxy behenic
,2-methoxy-hexadecanoic acid
,13(S)-HOTrE
HMDB0004234,12-oxo-LTB4
,20-hydroxy-LTE4
HMDB0256275,pentanamide
,N-heptanoyl-homoserine lactone
HMDB0000086,Glycerophosphocholine
HMDB0002277,"2,3-Dinor-11b-PGF2a"
HMDB0004049,20-hydroxy-PGF2a
HMDB0010163,PS(18:0/18:1(9Z))
HMDB0015503,Antipyrine
HMDB0014892,Ethotoin
,PC(O-16:0/0:0)[U]
HMDB0002982,PGB1
,Oleandolide
HMDB0002117,Oleamide
,Lamioside
,C16 Sphinganine
,"5beta-Estrane-3alpha,17beta-diol"
HMDB0000689,Isocaproic acid
,2-Methoxyestradiol-17¬∂¬¨ 3-sulfate
HMDB0015163,Irbesartan
HMDB0014554,Mupirocin
HMDB0242632,Sisomicin
HMDB0011148,1-O-(cis-9-Octadecenyl)-2-O-acetyl-sn-glycero-3-phosphocholine
,LY171883
HMDB0256776,Pristimerin
,(+)-Caryolan-1-ol
HMDB0013222,3-Guanidinopropanoate
,E-64
HMDB0015397,Sunitinib
,"(3S,4S)-3-hydroxytetradecane-1,3,4-tricarboxylic acid"
,Calophyllolide
,"alpha,alpha'-diethyl-4,4'-bis(2-propynyloxy)stilbene"
,"(1R)-bornane-2,5-dione"
,2-oxophytanic acid
,"isopimara-7,15-dienol"
HMDB0000378,2-Methylbutyroylcarnitine
HMDB0001054,dolichyl beta-D-glucosyl phosphate
HMDB0000477,"7,10-Hexadecadienoic acid"
HMDB0015348,Anastrozole
HMDB0000594,Glutamylphenylalanine
,Etioporphyrin III
HMDB0000727,L-Threoneopterin
,N-Acrylylglycine methyl ester
HMDB0000782,Octadecanedioic acid
HMDB0000795,Pristanic acid
HMDB0000941,Cholest-5-ene
HMDB0006280,"7alpha,25-dihydroxycholesterol"
HMDB0000832,Capryloylglycine
HMDB0002522,Chenodeoxycholic acid sulfate
,N-n-Hexanoylglycine methyl ester
HMDB0001184,Methyl propenyl ketone
HMDB0001518,Alpha-CEHC
HMDB0002053,Histidylproline diketopiperazine
HMDB0002355,Leukotriene E3
HMDB0003577,VPGPR Enterostatin
HMDB0003851,"3a,7a-Dihydroxy-5b-cholestanate"
HMDB0003950,7-Methylinosine
HMDB0004087,"1-Benzyl-1,2,3,4-tetrahydroisoquinoline"
HMDB0004917,Ganglioside GD3 (d18:1/24:1(15Z))
HMDB0005923,N4-Acetylcytidine
HMDB0006202,"4,8 dimethylnonanoyl carnitine"
HMDB0006321,"Docosa-4,7,10,13,16-pentaenoyl carnitine"
HMDB0006351,Vaccenyl carnitine
HMDB0006455,Arachidonyl carnitine
HMDB0006463,Stearidonyl carnitine
HMDB0006464,Elaidic carnitine
HMDB0006695,Prolylhydroxyproline
HMDB0006752,Dihydroceramide
HMDB0000922,Taurallocholic acid
HMDB0007872,PC(14:0/18:1(11Z))
HMDB0007880,"PC(14:0/20:2(11Z,14Z))"
HMDB0007890,"PC(14:0/22:5(4Z,7Z,10Z,13Z,16Z))"
HMDB0007991,"PC(16:0/22:6(4Z,7Z,10Z,13Z,16Z,19Z))"
HMDB0008023,"PC(16:1(9Z)/22:6(4Z,7Z,10Z,13Z,16Z,19Z))"
HMDB0008090,"PC(18:1(11Z)/22:6(4Z,7Z,10Z,13Z,16Z,19Z))"
HMDB0008156,"PC(18:2(9Z,12Z)/22:6(4Z,7Z,10Z,13Z,16Z,19Z))"
HMDB0008182,"PC(18:3(6Z,9Z,12Z)/20:5(5Z,8Z,11Z,14Z,17Z))"
HMDB0008255,"PC(18:4(6Z,9Z,12Z,15Z)/22:6(4Z,7Z,10Z,13Z,16Z,19Z))"
HMDB0008387,"PC(20:3(5Z,8Z,11Z)/22:6(4Z,7Z,10Z,13Z,16Z,19Z))"
HMDB0008452,"PC(20:4(5Z,8Z,11Z,14Z)/22:6(4Z,7Z,10Z,13Z,16Z,19Z))"
HMDB0012170,"4a-Hydroxymethyl-4b-methyl-5a-cholesta-8,24-dien-3b-ol"
HMDB0008618,"PC(22:2(13Z,16Z)/24:1(15Z))"
HMDB0008723,"PC(22:6(4Z,7Z,10Z,13Z,16Z,19Z)/14:1(9Z))"
HMDB0008843,"PE(14:0/22:2(13Z,16Z))"
HMDB0008902,"PE(15:0/20:3(5Z,8Z,11Z))"
HMDB0009210,"PE(18:4(6Z,9Z,12Z,15Z)/22:6(4Z,7Z,10Z,13Z,16Z,19Z))"
HMDB0009408,"PE(20:4(5Z,8Z,11Z,14Z)/22:6(4Z,7Z,10Z,13Z,16Z,19Z))"
HMDB0009784,"PI(16:0/18:2(9Z,12Z))"
HMDB0001278,Presqualene diphosphate
HMDB0010361,"(23S)-23,25-dihdroxy-24-oxovitamine D3 23-(beta-glucuronide)"
HMDB0010381,LysoPC(15:0)
HMDB0010382,LysoPC(16:0)
HMDB0010383,LysoPC(16:1(9Z))
HMDB0010392,"LysoPC(20:2(11Z,14Z))"
HMDB0010395,"LysoPC(20:4(5Z,8Z,11Z,14Z))"
HMDB0010401,"LysoPC(22:4(7Z,10Z,13Z,16Z))"
HMDB0010402,"LysoPC(22:5(4Z,7Z,10Z,13Z,16Z))"
HMDB0010407,LysoPC(P-16:0)
HMDB0010586,PG(16:1(9Z)/16:1(9Z))
HMDB0010666,"PG(18:3(6Z,9Z,12Z)/18:3(6Z,9Z,12Z))"
HMDB0011153,MG(P-18:0e/0:0/0:0)
HMDB0011166,L-beta-aspartyl-L-leucine
HMDB0011170,L-gamma-glutamyl-L-isoleucine
HMDB0011174,L-isoleucyl-L-proline
HMDB0011218,"PC(P-16:0/20:3(5Z,8Z,11Z))"
HMDB0011226,"PC(P-16:0/22:4(7Z,10Z,13Z,16Z))"
HMDB0011227,"PC(P-16:0/22:5(4Z,7Z,10Z,13Z,16Z))"
HMDB0011293,"PC(P-18:1(11Z)/22:5(4Z,7Z,10Z,13Z,16Z))"
HMDB0011482,LysoPE(0:0/20:1(11Z))
HMDB0011487,"LysoPE(0:0/20:4(5Z,8Z,11Z,14Z))"
HMDB0011490,LysoPE(0:0/22:0)
HMDB0011493,"LysoPE(0:0/22:4(7Z,10Z,13Z,16Z))"
HMDB0011496,"LysoPE(0:0/22:6(4Z,7Z,10Z,13Z,16Z,19Z))"
HMDB0011498,LysoPE(0:0/24:1(15Z))
HMDB0011531,MG(0:0/14:1(9Z)/0:0)
HMDB0011534,MG(0:0/16:1(9Z)/0:0)
HMDB0011544,"MG(0:0/20:2(11Z,14Z)/0:0)"
HMDB0011553,"MG(0:0/22:2(13Z,16Z)/0:0)"
HMDB0011664,3-Methylene-indolenine
HMDB0011741,Gamma-Glutamyltyrosine
HMDB0011792,Ganglioside GD1a (d18:1/12:0)
HMDB0011852,Ganglioside GD2 (d18:1/14:0)
HMDB0011917,Ganglioside GM3 (d18:0/18:1(11Z))
HMDB0012042,Ganglioside GT2 (d18:1/18:1(9Z))
HMDB0012108,LysoPC(17:0)
HMDB0012130,"(S)-2,3,4,5-Tetrahydropiperidine-2-carboxylate"
HMDB0012212,Dihydrozeatin-9-N-glucoside-O-glucoside
HMDB0012273,Palmitic amide
HMDB0012307,"Undecaprenyl N-acetyl-glucosaminyl-N-acetyl-mannosaminuronate-4-acetamido-4,6-dideoxy-D-galactose pyrophosphate"
HMDB0000716,L-Pipecolic acid
HMDB0000930,trans-Cinnamic acid
,Amino acid(Arg-)
HMDB0001843,N-Acryloylglycine
HMDB0060478,gamma-Glutamyl-beta-cyanoalanine
,"6,8a-Seco-6,8a-deoxy-5-oxoavermectin ''2a'' aglycone"
,5-Oxoavermectin ''2a'' aglycone
,UDP-3-ketoglucose
,Bacteriochlorophyllide a
,Divinylchlorophyll a
,D-1-Aminopropan-2-ol O-phosphate
,Dihydrozeatin riboside
HMDB0240764,2-Ethylacrylylcarnitine
,Desacetylvindoline
HMDB0002014,cis-5-Tetradecenoylcarnitine
HMDB0253071,Retronecine
,5-Methylthiopentanaldoxime
,N-Acetyl-O-demethylpuromycin
HMDB0015233,Capecitabine
HMDB0061196,Angiotensin I
HMDB0013674,"1,2,3-Trihydroxybenzene"
HMDB0002107,Phthalate
,Acetylagmatine
,Z-Tyr-Leu-NHOH
,Anthranilyl-CoA
HMDB0304943,3-Methyloxindole
HMDB0243822,1-Aminocyclohexanecarboxylic acid
,Nalpha-Methylhistidine
,"N2,N5-Dibenzoyl-L-ornithine"
HMDB0246884,5'-O-beta-D-Glucosylpyridoxine
,1-(Indol-3-yl)propanol 3-phosphate
,N(alpha)-t-Butoxycarbonyl-L-leucine
,"Diethyl (2S,3R)-2-methyl-3-hydroxysuccinate"
,Compound III(S)
HMDB0034240,Styrene
HMDB0014365,Nelfinavir
HMDB0014357,Remikiren
HMDB0015014,Eprosartan
HMDB0014720,Voriconazole
,"2-[[(3a,5b,7b)-3-hydroxy-24-oxo-7-(sulfooxy)cholan-24-yl]amino], Ethanesulfonic acid"
HMDB0015441,Aprobarbital
HMDB0014913,Tirofiban
,"(3a,5b,7b,12a)-(1,3-dihydro-5-nitro-1,3-dioxo-2H-isoindol-2-yl)methyl ester-3,7,12-trihydroxy-Cholan"
HMDB0250451,Cordycepin
,Acremoauxin A
HMDB0301842,Cucumopine
,Anopterine
,Delcosine
,Lappaconitine
,Borreverine
,Euphorbia factor Ti2
,Gnidicin
,Pimelea factor P2
HMDB0251908,Ergocristine
,Tabernamine
,Usambarensine
HMDB0248388,Ancistrocladine
HMDB0002786,Isoamyl nitrite
,Melampodinin
HMDB0036561,Agnuside
,Lycofawcine
,Spirolucidine
HMDB0032469,3-Butylidene-7-hydroxyphthalide
,Catheduline E2
,Amphibine A
,Mucronine B
,Europine
,Rosmarinine
,Symphytine
,Elaeocarpidine
,Meteloidine
HMDB0031767,Benomyl
,Flumetover
,Azocyclotin
,Methaphenilene
HMDB0258432,Spiroxamine
HMDB0242696,Chymostatin
,N-Acetyl-leu-leu-tyr
,Antimycin A1
,BQ 485
,N-tert-Butyloxycarbonyl-deacetyl-leupeptin
,MET-enkephalin
HMDB0015633,Sultopride
,Pulvomycin
,Ansatrienin A
,Valiolone
HMDB0245005,2-Aminoacridone
,Stigmatellin Y
,Obliquine
,Pseudolycorine
,Militarinone A
,Ancistrotectorine
,Butoctamide hydrogen succinate
HMDB0252174,Fasoracetam
,Dimethylaminoethyl reserpilinate
,1-Naphthylacetylspermine
HMDB0250978,delta-Guanidinovaleric acid
HMDB0003598,Retinyl ester
HMDB0029368,Saxitoxin
,1-Palmitoyl-2-(5-keto-8-oxo-6-octenoyl)-sn-glycero-3-phosphatidylcholine
,Argiotoxin 636
HMDB0259262,Triphenyl phosphate
HMDB0246434,4-Heptyloxyphenol
HMDB0000197,3-Indoleacetic Acid
HMDB0259275,Tris(butoxyethyl)phosphate
,Fluorometholone 17-acetate
HMDB0251214,Dicyclohexylamine
HMDB0062503,N-Hydroxy-1-aminonaphthalene
HMDB0060328,"1-Nitro-5,6-dihydroxy-dihydronaphthalene"
,17-[[3-(1-Pyrrolidinyl)propyl]imino]androst-5-en-3beta-ol acetate
,Hydroxystenozole
,17beta-Hydroxy-4-mercaptoandrost-4-en-3-one 4-acetate 17-propionate
,2-[3-Ethyl-5-(4-methoxyphenyl)-1H-pyrazol-4-yl]phenol
,"2alpha,3alpha-(Difluoromethylene)-5alpha-androstan-17beta-ol acetate"
,"N,N-Diethyl-2-[4-[6-methoxy-2-(4-methoxyphenyl)-1H-inden-3-yl]phenoxy]ethanamine"
,B-Norcholesterol
,"1'H-5alpha-Cholest-2-eno[3,2-b]indole"
HMDB0031689,"trans-1,2-Diphenylcyclobutane"
HMDB0060513,Tamoxifen N-oxide
,Spinosyn K
,Lyngbyatoxin
,Westiellamide
,Pederin
,Rimocidine
,3-Chloro-2-hydroxymuconic semialdehyde
,L-2-Methyltryptophan
HMDB0248710,Atractylodin
HMDB0004894,Ganglioside GA2 (d18:1/24:1(15Z))
,Picrasin F
,Valerosidatum
,Laurinterol
,Plakortic acid
,Condurango glycoside A
HMDB0034955,Zizybeoside II
HMDB0253302,Hygromycin A
,Istamycin B
,Saccharocin
HMDB0254547,Methoxyfenozide
,Tepraloxydim
,Ferimzone
HMDB0247946,Aclacinomycin N
,Methacrifos
,Prosulfocarb
,Dodemorph
,Dinocton 6
HMDB0248713,Atraton
,Dipropetryn
,Secbumeton
HMDB0246592,4-Vinylcyclohexene
HMDB0255199,N'-Nitrosoanatabine
,Yellow OB
,Thermospermine
,"4,4'-Diapolycopenedial"
,26-Hydroxybrassinolide
,Luffariellolide
,Lasonolide A
HMDB0254705,Microcystin RR
,Brevetoxin B1
HMDB0032069,Brevetoxin B2
HMDB0038319,Decarbamoylsaxitoxin
HMDB0005047,"trans-9, trans-11-octadecadienoic acid; C18:2n-7,9"
HMDB0000521,C14:1n-9
HMDB0013622,10Z-nonadecenoic acid
HMDB0001172,2-methyl-3-oxo-propanoic acid
HMDB0000603,2E-Decenedioic acid
HMDB0000325,3-Hydroxysuberic acid
HMDB0004362,4-hydroxynonenal
HMDB0000756,O-hexanoyl-R-carnitine
HMDB0002100,Palmitoyl-EA
HMDB0251773,Ipecac (Emetine)
HMDB0000328,12-Ketodeoxycholic acid
HMDB0013043,Prostaglandin PGE2 1-glyceryl ester
HMDB0013162,2-Hexenoylcholine
HMDB0013206,9-Decenoylcholine
HMDB0013239,Heptanoylcholine
HMDB0013716,Norvaline
HMDB0013811,1-nitroheptane
HMDB0013820,2-Methyl-2-phenyl-undecane
HMDB0013865,CGP72383
HMDB0014364,Oxyphenonium
HMDB0014648,Tridihexethyl
HMDB0015387,Aliskiren
HMDB0015598,Voglibose
HMDB0015669,Drotaverine
HMDB0028704,Arginyl-Asparagine
HMDB0028722,Arginyl-Valine
HMDB0028799,Glutaminyl-Histidine
HMDB0028800,Glutaminyl-Isoleucine
HMDB0028825,Glutamyl-Methionine
HMDB0028830,Glutamyl-Tryptophan
HMDB0028866,Hydroxyprolyl-Isoleucine
HMDB0028876,Hydroxyprolyl-Valine
HMDB0029019,Prolyl-Histidine
HMDB0029027,Prolyl-Threonine
HMDB0029324,Citpressine II
HMDB0029347,Acuminoside
HMDB0029362,"(R)-1-O-b-D-glucopyranosyl-1,3-octanediol"
HMDB0029390,L-Furosine
HMDB0029429,Malformin
HMDB0029431,"(3b,5a,22x,25S)-Furostane-22-methoxy-3,26-diol 3-[rhamnosyl-(1-2)-[glucosyl-(1-3)]-glucoside] 26-glucoside"
HMDB0029551,1-Undecene
HMDB0000097,Choline chloride
HMDB0029559,(4-Hydroxybenzoyl)choline
HMDB0029632,Oleyl alcohol
HMDB0029668,Eremopetasinorol
HMDB0029729,5-Ethyl-2-methylpyridine
HMDB0029750,Methyl 2-furoate
HMDB0029765,9-Pentadecenoic acid
HMDB0029771,"7,8-Dihydrovomifoliol 9-[apiosyl-(1-6)-glucoside]"
HMDB0029772,Corchoionol C 9-glucoside
HMDB0029779,2-O-Protocatechuoylalphitolic acid
HMDB0029782,6-Epi-7-isocucurbic acid glucoside
HMDB0014581,Allopurinol
HMDB0029820,"2,6-Diisopropyl-3-methylphenol"
HMDB0029850,L-Citronellol glucoside
HMDB0029925,Methyl cellulose
HMDB0029968,Ethyl beta-D-glucopyranoside
HMDB0030004,Austalide B
HMDB0030007,"2,2,7,7-Tetramethyl-1,6-dioxaspiro[4.4]nona-3,8-diene"
HMDB0030015,7-Oxostigmasterol
HMDB0030143,Talaromycin A
HMDB0030163,Galbanic acid
HMDB0030200,Hovenine A
HMDB0030214,Mukonidine
HMDB0030301,"2,2,3,4-Tetramethylpentane"
HMDB0030363,Cavipetin A
HMDB0030404,Armillaripin
HMDB0030407,Merodesmosine
HMDB0030409,4-Amino-2-methylenebutanoic acid
HMDB0030425,Linalyl propionate
HMDB0030471,"1,4-Ipomeadiol"
HMDB0030492,Spirolide B
HMDB0030656,Demethylcalabaxanthone
HMDB0030763,"(10S,11S)-Pterosin C"
HMDB0030918,1-Hydroxyepiacorone
HMDB0030924,2-Tetradecanone
HMDB0030929,"2,4,6,8-Tridecatetrayne"
HMDB0030930,1-Tridecene
HMDB0030935,"9,10,13-Trihydroxystearic acid"
HMDB0030988,5-(2-Methylpropyl)tetrahydro-2-oxo-3-furancarboxylic acid
HMDB0030993,5-Nonyltetrahydro-2-oxo-3-furancarboxylic acid
HMDB0030994,5-Heptyltetrahydro-2-oxo-3-furancarboxylic acid
HMDB0031031,2-Dodecylbenzenesulfonic acid
HMDB0031040,2-Heptadecanone
HMDB0031052,2-Hexadecanone
HMDB0031081,2-Pentadecanone
HMDB0031082,1-Pentadecene
HMDB0031127,5-Hexyltetrahydro-2-furanoctanoic acid
HMDB0031147,Chlorophyll c
HMDB0031199,"2,5-Dihydro-2,4,5-trimethyloxazole"
HMDB0031302,Methyl 2-octynoate
HMDB0031367,Linalool oxide D 3-[apiosyl-(1-6)-glucoside]
HMDB0031381,"Methyl (7Z,9Z,9'Z)-6'-apo-y-caroten-6'-oate"
HMDB0031382,Portuloside A
HMDB0031584,Myricatomentoside II
HMDB0031667,Nor-psi-tropine
HMDB0031676,"5a,6a-Epoxy-7E-megastigmene-3a,9e-diol 3-glucoside"
HMDB0031678,Pipericine
HMDB0031694,Butyl (S)-3-hydroxybutyrate glucoside
HMDB0031734,2-Methylundecanal
HMDB0031855,5-Methyl-2-phenyl-2-hexenal
HMDB0031896,Erinacine D
HMDB0032090,"12-Oxo-2,3-dinor-10,15-phytodienoic acid"
HMDB0032116,Helinorbisabone
HMDB0032117,Sasanquol
HMDB0032134,"Gentiobiosyl 2-methyl-6-oxo-2E,4E-heptadienoate"
HMDB0032318,"Hexanal octane-1,3-diol acetal"
HMDB0032369,L-Menthyl acetoacetate
HMDB0032401,(+/-)-3-[(2-methyl-3-furyl)thio]-2-butanone
HMDB0032476,Polyoxyethylene (600) mono- ricinoleate
HMDB0032501,Santalyl acetate
HMDB0032545,Tripropylamine
HMDB0032558,Dinitolmide
HMDB0032740,N-Hexadecanoylpyrrolidine
HMDB0032817,Quinquenoside V
HMDB0032854,"N-Acetyl-2,6-diethylaniline"
HMDB0033024,Ganoderic acid alpha
HMDB0033041,1-(1-Propenylthio)propyl propyl disulfide
HMDB0033063,"2,3-Butanediol apiosylglucoside"
HMDB0033065,"(x)-1,2-Propanediol 1-O-b-D-glucopyranoside"
HMDB0033115,6-Methylquinoline
HMDB0033199,"(4beta,5beta,6beta,14beta,15alpha,20S,22R)-5,6-Epoxy-4,14,15-trihydroxy-1-oxowitha-2,24-dienolide"
HMDB0033210,Lyciumoside VIII
HMDB0033216,"(2R,6x)-7-Methyl-3-methylene-1,2,6,7-octanetetrol 2-glucoside"
HMDB0033237,"1,2,10-Trihydroxydihydro-trans-linalyl oxide 7-O-beta-D-glucopyranoside"
HMDB0033432,(R)-Rhazinilam
HMDB0033462,4-Coumaroyl-2-hydroxyputrescine
HMDB0033553,3-[(3-Methylbutyl)nitrosoamino]-2-butanone
HMDB0033567,Cyclotetradecane
HMDB0033625,"(3R,7R)-1,3,7-Octanetriol"
HMDB0033641,"(3b,21b)-12-Oleanene-3,21,28-triol 28-[arabinosyl-(1-3)-arabinosyl-(1-3)-arabinoside]"
HMDB0033663,Decarbamoylneosaxitoxin
HMDB0033674,Yamogenintetroside B
HMDB0033874,Piperanine
HMDB0033942,Dambonitol
HMDB0034131,Nonyl octanoate
HMDB0034148,2-Tridecanone
HMDB0034236,Benzenepropanenitrile
HMDB0034263,Triethyl citrate
HMDB0034267,L-2-Amino-3-(1-pyrazolyl)propanoic acid
HMDB0034343,Furcogenin 3-[2''-glucosyl-6''-arabinosylglucoside]
HMDB0034495,"6,10,14-Trimethyl-5,9,13-pentadecatrien-2-one"
HMDB0034503,"2,3,23-Triacetylsericic acid"
HMDB0034536,Araloside B
HMDB0034575,3'-Hydroxy-T2-triol
HMDB0034750,Isopentyl beta-D-glucoside
HMDB0034784,"trans-p-Menthane-1,7,8-triol 8-glucoside"
HMDB0035028,(x)-2-Heptanol glucoside
HMDB0035039,Phaseolus e
HMDB0035076,2-(2-Methylpropoxy)naphthalene
HMDB0035173,"2-Carboxy-1-[5-(2-carboxy-1-pyrrolidinyl)-2-hydroxy-2,4-pentadienylidene]pyrrolidinium"
HMDB0035219,Aloin
HMDB0035333,Ganoderic acid Me
HMDB0035506,Schidigeragenin B
HMDB0035514,"xi-2,3-Dihydro-2-oxo-1H-indole-3-acetic acid"
HMDB0035555,"10,12-Pentacosanedione"
HMDB0035570,"6,8-Heneicosanedione"
HMDB0035584,"1-Phenyl-1,3-nonadecanedione"
HMDB0035651,6-Hydroxy-8-docosanone
HMDB0035692,"8,15-Isopimaradien-18-oic acid"
HMDB0035919,Corchorifatty acid F
HMDB0036131,S-Furanopetasitin
HMDB0036214,"6-Feruloylglucose 2,3,4-trihydroxy-3-methylbutylglycoside"
HMDB0036329,Homocapsaicin
HMDB0036345,3-Cyclohexyldodecane
HMDB0036362,28-[Glucosyl-(1-6)-glucosyl]oleanolic acid 3-arabinoside
HMDB0036427,Procurcumenol
HMDB0000740,Lactulose
HMDB0036683,"5,7alpha-Dihydro-1,4,4,7a-tetramethyl-4H-indene"
HMDB0036884,"7',8'-Dihydro-8'-hydroxycitraniaxanthin"
HMDB0036903,Gibberellin A38 glucosyl ester
HMDB0037125,Pisumoside B
HMDB0037256,Chlorophyll d
HMDB0037298,"1,3,8-Trihydroxy-4-methyl-2,7-diprenylxanthone"
HMDB0037381,Physangulide
HMDB0037510,Furcelleran
HMDB0037512,C.I. Food Brown 3
HMDB0037710,4-Methylphenyl octanoate
HMDB0037794,"(3S,3'R,5R,6R)-7',8'-Didehydro-3,6-epoxy-5,6-dihydro-beta,beta-carotene-3',5-diol"
HMDB0037802,"2-[4,6-Bis(2,4-dimethylphenyl)-1,3,5-triazin-2-yl]-5-(octyloxy)phenol"
HMDB0037823,"Glucosyl (2E,6E,10x)-10,11-dihydroxy-2,6-farnesadienoate"
HMDB0037840,N-(1-Deoxy-1-fructosyl)leucine
HMDB0037845,N-(1-Deoxy-1-fructosyl)tyrosine
HMDB0037856,2-Methyl-4-pentyloxazole
HMDB0037898,"2,5-Dibutyl-4-methyloxazole"
HMDB0037923,Tragopogonsaponin G
HMDB0038174,"5-Acetyl-2,4-dimethyloxazole"
HMDB0038242,Ascorbyl stearate
HMDB0038285,Enterocin L50
HMDB0038321,Homoarecoline
HMDB0038387,33-Deoxy-33-hydroperoxyfurohyperforin
HMDB0038540,Goshonoside F2
HMDB0038567,3'-N-Acetyl-4'-O-(9-octadecenoyl)fusarochromanone
HMDB0038685,Muricatacin
HMDB0038691,Kiwiionoside
HMDB0038720,Dodecyl gallate
HMDB0038839,1-(m-Methoxycinnamoyl)pyrrolidine
HMDB0038949,"3beta,6beta-Dihydroxynortropane"
HMDB0039019,"3-Hydroxy-10'-apo-b,y-carotenal"
HMDB0039090,"7',8'-Dihydro-8'-hydroxyreticulataxanthin"
HMDB0039132,"[4]-Gingerdiol 3,5-diacetate"
HMDB0039139,Hericenone D
HMDB0039436,Ginsenoside Rh6
HMDB0039553,Lyciumoside III
HMDB0039910,"(Z)-Resveratrol 3,4'-diglucoside"
HMDB0040033,2-Heptylbenzothiazole
HMDB0040092,"2-Heptyl-4,5-dimethylthiazole"
HMDB0040095,5-Ethyl-4-methyl-2-octylthiazole
HMDB0040168,Glycerol 1-(5-hydroxydodecanoate)
HMDB0040237,Dihydro-2-methoxy-2-methyl-3(2H)-thiophenone
HMDB0040384,Neoacrimarine A
HMDB0040527,1-Hexacosene
HMDB0040615,"4,5-Dihydrovomifoliol"
HMDB0040684,Janthitrem C
HMDB0040705,Allixin
HMDB0040709,10-Eicosene
HMDB0040742,"2,3-Dehydrosalvipisone"
HMDB0040756,"3-Hydroxy-6,8-dimethoxy-7(11)-eremophilen-12,8-olide"
HMDB0040822,"2,3-Butanediol glucoside"
HMDB0040888,"2,4-Heptadecanedione"
HMDB0040901,13-Hydroxy-9-methoxy-10-oxo-11-octadecenoic acid
HMDB0040966,"1,3-Octadiene"
HMDB0041031,"3,5,6-Trihydroxy-5-(hydroxymethyl)-2-methoxy-2-cyclohexen-1-one"
HMDB0041082,"(5Z,8Z)-1,5,8-Heptadecatriene"
HMDB0041146,Feruloyl-beta-sitosterol
HMDB0000201,Acetylcarnitine
HMDB0041255,(2S)-2-Butanol O-[b-D-Apiofuranosyl-(1-6)-b-D-glucopyranoside]
HMDB0041274,Phenylethyl primeveroside
HMDB0041339,"5-Chloro-2-(3,5-di-tert-butyl-2-hydroxyphenyl)-2H-benzotriazole"
HMDB0041517,beta-D-Glucopyranosyl anthranilate
HMDB0041619,Dioctyl hexanedioate
HMDB0041885,ebrotidine
HMDB0041889,etamiphylline
HMDB0059630,N-palmitoyl-phosphoethanolamine
HMDB0059667,3-methyl sulfolene
HMDB0000824,Propionyl-L-carnitine